scenario_id,t,firm_id,Y_new,psi_eff,theta,queue_len,congestion_idx,mean_latency,p95_latency,max_latency,std_latency,triage_eff,omega_spill,market_share
idea-latency-high-decay,0,0,4.030094983618331,0.19703399072038225,0.004682660237829406,0,1.15,,,,,,0.0,1.0
idea-latency-high-decay,1,0,3.840128302787333,0.18706765891325366,0.004530671661833516,0,1.094329557279609,,,,,,0.0,1.0
idea-latency-high-decay,2,0,3.666374679367819,0.17799986511357405,0.004372987221076191,0,1.0410915318815464,,,,,,0.0,1.0
idea-latency-high-decay,3,0,3.5072955114563755,0.16973871109910696,0.00421170271128344,1,0.9902190320405133,,,,,1.0,0.0,1.0
idea-latency-high-decay,4,0,3.361500151543537,0.16220219916495676,0.004048579334000007,2,0.941640374856147,,,,,0.5,0.0,1.0
idea-latency-high-decay,5,0,3.2277343842778197,0.1553172453610712,0.00388508801463093,3,0.8952805319844334,,,,,1.0,0.0,1.0
idea-latency-high-decay,6,0,3.1048687567024404,0.14901874861904654,0.0037224485491663835,4,0.8510623242784858,,,,,1.0,0.0,1.0
idea-latency-high-decay,7,0,2.9918871808555356,0.14324872878689948,0.003561664038804047,4,0.8089074035745927,4.0,4.0,4.0,0.0,1.0,0.0,1.0
idea-latency-high-decay,8,0,2.8878760755116817,0.13795553922198586,0.003403551077524753,6,0.7687370546895624,,,,,0.6666666666666666,0.0,1.0
idea-latency-high-decay,9,0,2.7920142037789906,0.13309315470596397,0.003248766143316919,7,0.7304728460395471,,,,,0.5,0.0,1.0
idea-latency-high-decay,10,0,2.703563285742909,0.1286205323346042,0.003097828617373551,7,0.6940371531496417,,,,,,0.0,1.0
idea-latency-high-decay,11,0,2.6218594120383183,0.12450104117139732,0.0029511408228129654,7,0.6593535756943597,,,,,,0.0,1.0
idea-latency-high-decay,12,0,2.5463052486786184,0.12070195544962568,0.0028090054390464626,7,0.6263472655627382,8.0,8.0,8.0,0.0,1.0,0.0,1.0
idea-latency-high-decay,13,0,2.476363000750684,0.11719400568223802,0.002671640612259388,8,0.5949451807361599,,,,,1.0,0.0,1.0
idea-latency-high-decay,14,0,2.411548088998907,0.11395098199235477,0.0025391930480916924,9,0.5650762774545142,,,,,1.0,0.0,1.0
idea-latency-high-decay,15,0,2.3514234861246632,0.11094938416863384,0.002411749340372152,11,0.5366716511789764,,,,,0.6666666666666666,0.0,1.0
idea-latency-high-decay,16,0,2.2955946568060623,0.1081681132814723,0.002289345760124662,12,0.50966463519174,,,,,1.0,0.0,1.0
idea-latency-high-decay,17,0,2.243705045537547,0.10558820010167069,0.0021719767021930684,14,0.4839908642625253,,,,,0.6666666666666666,0.0,1.0
idea-latency-high-decay,18,0,2.195432058353706,0.10319256599850656,0.0020596019627126838,15,0.45958830962109076,,,,,1.0,0.0,1.0
idea-latency-high-decay,19,0,2.150483487597532,0.10096581243055709,0.0019521529991743908,15,0.4363972904713016,,,,,,0.0,1.0
idea-latency-high-decay,20,0,2.10859433260532,0.09889403556234369,0.0018495383058011103,15,0.414360466436975,,,,,,0.0,1.0
idea-latency-high-decay,21,0,2.06952397315686,0.09696466293267789,0.0017516480201790877,16,0.3934228146181186,16.0,16.0,16.0,0.0,0.6666666666666666,0.0,1.0
idea-latency-high-decay,22,0,2.0330536565463064,0.09516630946122649,0.0016583578623395757,17,0.37353159433733735,,,,,1.0,0.0,1.0
idea-latency-high-decay,23,0,1.998984263015377,0.09348865040636231,0.0015695324945557633,18,0.35463630215228537,,,,,1.0,0.0,1.0
idea-latency-high-decay,24,0,1.9671343179645864,0.09192230918000975,0.0014850283788026466,18,0.33668861928602567,,,,,,0.0,1.0
idea-latency-high-decay,25,0,1.9373382227691553,0.09045875818543844,0.0014046961989352814,19,0.319642353270322,,,,,1.0,0.0,1.0
idea-latency-high-decay,26,0,1.909444679150807,0.08909023107400973,0.0013283829060021645,20,0.3034533752965416,,,,,1.0,0.0,1.0
idea-latency-high-decay,27,0,1.8833152848907486,0.08780964501934319,0.0012559334375721648,21,0.28807955451600853,,,,,1.0,0.0,1.0
idea-latency-high-decay,28,0,1.8588232812196952,0.0866105317849244,0.001187192155377271,21,0.2734806903187687,22.0,22.0,22.0,0.0,1.0,0.0,1.0
idea-latency-high-decay,29,0,1.8358524345031337,0.08548697651649556,0.0011220040398389605,22,0.25961844344048696,,,,,0.5,0.0,1.0
idea-latency-high-decay,30,0,1.8142960368726586,0.08443356332616536,0.001060215675045469,24,0.2464562665962701,,,,,0.5,0.0,1.0
idea-latency-high-decay,31,0,1.7940560122582565,0.08344532685339624,0.0010016760533875443,24,0.23395933521314938,,,,,,0.0,1.0
idea-latency-high-decay,32,0,1.7750421158730556,0.08251770909099261,0.000946237225258853,24,0.22209447872600946,,,,,,0.0,1.0
idea-latency-high-decay,33,0,1.7571712166121716,0.08164652085384397,0.0008937548159123727,24,0.21083011281177694,,,,,,0.0,1.0
idea-latency-high-decay,34,0,1.7403666530706492,0.08082790734617129,0.0008440884286736848,24,0.20013617286103558,,,,,,0.0,1.0
idea-latency-high-decay,35,0,1.7245576549806798,0.08005831735089337,0.0007971019511911137,24,0.1899840489226935,,,,,,0.0,1.0
idea-latency-high-decay,36,0,1.709678822831872,0.07933447562378787,0.0007526637792042353,25,0.1803465223040144,,,,,0.5,0.0,1.0
idea-latency-high-decay,37,0,1.6956696592860203,0.07865335812653902,0.0007106469703945055,26,0.1711977039636657,,,,,0.5,0.0,1.0
idea-latency-high-decay,38,0,1.6824741467430504,0.07801216977753796,0.0006709293392093447,29,0.1625129747980955,,,,,0.6,0.0,1.0
idea-latency-high-decay,39,0,1.6700403660700374,0.07740832443832063,0.0006333935020920996,29,0.1542689278904089,,,,,,0.0,1.0
idea-latency-high-decay,40,0,1.6583201520813005,0.07683942688755062,0.0005979268812782239,30,0.14644331276501427,,,,,1.0,0.0,1.0
idea-latency-high-decay,41,0,1.6472687818642084,0.0763032565641435,0.0005644216742083493,30,0.13901498166985568,,,,,,0.0,1.0
idea-latency-high-decay,42,0,1.6368446924910156,0.07579775288705565,0.0005327747946419076,32,0.1319638378903541,,,,,0.6666666666666666,0.0,1.0
idea-latency-high-decay,43,0,1.6270092250493433,0.07532100198192547,0.0005028877907116501,32,0.12527078608466777,36.0,36.0,36.0,0.0,1.0,0.0,1.0
idea-latency-high-decay,44,0,1.6177263922692706,0.07487122466458092,0.0004746667444248235,33,0.11891768461806992,,,,,1.0,0.0,1.0
idea-latency-high-decay,45,0,1.6089626673294164,0.07444676554879197,0.0004480221564769711,33,0.11288729986470455,,,,,,0.0,1.0
idea-latency-high-decay,46,0,1.6006867916926144,0.0740460831608655,0.00042286881968704786,33,0.1071632624373729,,,,,,0.0,1.0
idea-latency-high-decay,47,0,1.5928696000586147,0.0736677409570371,0.0003991256838780414,34,0.10173002530002143,,,,,0.5,0.0,1.0
idea-latency-high-decay,48,0,1.5854838607302009,0.07331039915134406,0.00037671571460569744,35,0.09657282371299034,,,,,1.0,0.0,1.0
idea-latency-high-decay,49,0,1.5785041298738371,0.07297280727197852,0.00035556574777191873,36,0.09167763695762549,,,,,0.5,0.0,1.0
ecb-moat-duopoly,0,0,4.030094983618331,0.19703399072038225,0.004682660237829406,0,1.15,,,,,,0.0,0.5
ecb-moat-duopoly,0,1,4.030094983618331,0.19703399072038225,0.004682660237829406,0,1.15,,,,,,0.0,0.5
ecb-moat-duopoly,1,0,3.840128302787333,0.18706765891325366,0.004530671661833516,0,1.094329557279609,,,,,,0.0,0.5
ecb-moat-duopoly,1,1,3.840128302787333,0.18706765891325366,0.004530671661833516,1,1.094329557279609,,,,,1.0,0.0,0.5
ecb-moat-duopoly,2,0,3.666374679367819,0.17799986511357405,0.004372987221076191,1,1.0410915318815464,,,,,1.0,0.0,0.5
ecb-moat-duopoly,2,1,3.666374679367819,0.17799986511357405,0.004372987221076191,1,1.0410915318815464,,,,,,0.0,0.5
ecb-moat-duopoly,3,0,3.5072955114563755,0.16973871109910696,0.00421170271128344,2,0.9902190320405133,,,,,1.0,0.0,0.5
ecb-moat-duopoly,3,1,3.5072955114563755,0.16973871109910696,0.00421170271128344,1,0.9902190320405133,,,,,,0.0,0.5
ecb-moat-duopoly,4,0,3.361500151543537,0.16220219916495676,0.004048579334000007,3,0.941640374856147,,,,,1.0,0.0,0.5
ecb-moat-duopoly,4,1,3.361500151543537,0.16220219916495676,0.004048579334000007,2,0.941640374856147,,,,,0.5,0.0,0.5
ecb-moat-duopoly,5,0,3.2277343842778197,0.1553172453610712,0.00388508801463093,2,0.8952805319844334,3.0,3.0,3.0,0.0,,0.0,0.5
ecb-moat-duopoly,5,1,3.2277343842778197,0.1553172453610712,0.00388508801463093,3,0.8952805319844334,,,,,1.0,0.0,0.5
ecb-moat-duopoly,6,0,3.1048687567024404,0.14901874861904654,0.0037224485491663835,2,0.8510623242784858,3.0,3.0,3.0,0.0,1.0,0.0,0.5
ecb-moat-duopoly,6,1,3.1048687567024404,0.14901874861904654,0.0037224485491663835,3,0.8510623242784858,,,,,,0.0,0.5
ecb-moat-duopoly,7,0,2.9918871808555356,0.14324872878689948,0.003561664038804047,3,0.8089074035745927,,,,,1.0,0.0,0.5
ecb-moat-duopoly,7,1,2.9918871808555356,0.14324872878689948,0.003561664038804047,4,0.8089074035745927,,,,,0.5,0.0,0.5
ecb-moat-duopoly,8,0,2.8878760755116817,0.13795553922198586,0.003403551077524753,2,0.7687370546895624,4.0,4.0,4.0,0.0,,0.0,0.5
ecb-moat-duopoly,8,1,2.8878760755116817,0.13795553922198586,0.003403551077524753,5,0.7687370546895624,,,,,1.0,0.0,0.5
ecb-moat-duopoly,9,0,2.7920142037789906,0.13309315470596397,0.003248766143316919,3,0.7304728460395471,,,,,0.5,0.0,0.5
ecb-moat-duopoly,9,1,2.7920142037789906,0.13309315470596397,0.003248766143316919,5,0.7304728460395471,,,,,,0.0,0.5
ecb-moat-duopoly,10,0,2.703563285742909,0.1286205323346042,0.003097828617373551,3,0.6940371531496417,,,,,,0.0,0.5
ecb-moat-duopoly,10,1,2.703563285742909,0.1286205323346042,0.003097828617373551,6,0.6940371531496417,,,,,1.0,0.0,0.5
ecb-moat-duopoly,11,0,2.6218594120383183,0.12450104117139732,0.0029511408228129654,4,0.6593535756943597,,,,,0.5,0.0,0.5
ecb-moat-duopoly,11,1,2.6218594120383183,0.12450104117139732,0.0029511408228129654,5,0.6593535756943597,10.0,10.0,10.0,0.0,,0.0,0.5
ecb-moat-duopoly,12,0,2.5463052486786184,0.12070195544962568,0.0028090054390464626,4,0.6263472655627382,,,,,,0.0,0.5
ecb-moat-duopoly,12,1,2.5463052486786184,0.12070195544962568,0.0028090054390464626,6,0.6263472655627382,,,,,1.0,0.0,0.5
ecb-moat-duopoly,13,0,2.476363000750684,0.11719400568223802,0.002671640612259388,5,0.5949451807361599,,,,,1.0,0.0,0.5
ecb-moat-duopoly,13,1,2.476363000750684,0.11719400568223802,0.002671640612259388,7,0.5949451807361599,,,,,0.5,0.0,0.5
ecb-moat-duopoly,14,0,2.411548088998907,0.11395098199235477,0.0025391930480916924,4,0.5650762774545142,8.0,8.0,8.0,0.0,,0.0,0.5
ecb-moat-duopoly,14,1,2.411548088998907,0.11395098199235477,0.0025391930480916924,7,0.5650762774545142,,,,,,0.0,0.5
ecb-moat-duopoly,15,0,2.3514234861246632,0.11094938416863384,0.002411749340372152,4,0.5366716511789764,8.0,8.0,8.0,0.0,1.0,0.0,0.5
ecb-moat-duopoly,15,1,2.3514234861246632,0.11094938416863384,0.002411749340372152,8,0.5366716511789764,,,,,0.5,0.0,0.5
ecb-moat-duopoly,16,0,2.2955946568060623,0.1081681132814723,0.002289345760124662,4,0.50966463519174,,,,,,0.0,0.5
ecb-moat-duopoly,16,1,2.2955946568060623,0.1081681132814723,0.002289345760124662,8,0.50966463519174,,,,,,0.0,0.5
ecb-moat-duopoly,17,0,2.243705045537547,0.10558820010167069,0.0021719767021930684,4,0.4839908642625253,,,,,,0.0,0.5
ecb-moat-duopoly,17,1,2.243705045537547,0.10558820010167069,0.0021719767021930684,10,0.4839908642625253,,,,,0.6666666666666666,0.0,0.5
ecb-moat-duopoly,18,0,2.195432058353706,0.10319256599850656,0.0020596019627126838,4,0.45958830962109076,,,,,,0.0,0.5
ecb-moat-duopoly,18,1,2.195432058353706,0.10319256599850656,0.0020596019627126838,11,0.45958830962109076,,,,,1.0,0.0,0.5
ecb-moat-duopoly,19,0,2.150483487597532,0.10096581243055709,0.0019521529991743908,4,0.4363972904713016,,,,,,0.0,0.5
ecb-moat-duopoly,19,1,2.150483487597532,0.10096581243055709,0.0019521529991743908,12,0.4363972904713016,,,,,1.0,0.0,0.5
ecb-moat-duopoly,20,0,2.10859433260532,0.09889403556234369,0.0018495383058011103,4,0.414360466436975,,,,,,0.0,0.5
ecb-moat-duopoly,20,1,2.10859433260532,0.09889403556234369,0.0018495383058011103,12,0.414360466436975,,,,,,0.0,0.5
ecb-moat-duopoly,21,0,2.06952397315686,0.09696466293267789,0.0017516480201790877,5,0.3934228146181186,,,,,1.0,0.0,0.5
ecb-moat-duopoly,21,1,2.06952397315686,0.09696466293267789,0.0017516480201790877,14,0.3934228146181186,,,,,0.5,0.0,0.5
ecb-moat-duopoly,22,0,2.0330536565463064,0.09516630946122649,0.0016583578623395757,5,0.37353159433733735,13.0,13.0,13.0,0.0,1.0,0.0,0.5
ecb-moat-duopoly,22,1,2.0330536565463064,0.09516630946122649,0.0016583578623395757,15,0.37353159433733735,,,,,1.0,0.0,0.5
ecb-moat-duopoly,23,0,1.998984263015377,0.09348865040636231,0.0015695324945557633,6,0.35463630215228537,,,,,1.0,0.0,0.5
ecb-moat-duopoly,23,1,1.998984263015377,0.09348865040636231,0.0015695324945557633,16,0.35463630215228537,,,,,1.0,0.0,0.5
ecb-moat-duopoly,24,0,1.9671343179645864,0.09192230918000975,0.0014850283788026466,7,0.33668861928602567,,,,,1.0,0.0,0.5
ecb-moat-duopoly,24,1,1.9671343179645864,0.09192230918000975,0.0014850283788026466,17,0.33668861928602567,,,,,1.0,0.0,0.5
ecb-moat-duopoly,25,0,1.9373382227691553,0.09045875818543844,0.0014046961989352814,8,0.319642353270322,,,,,0.5,0.0,0.5
ecb-moat-duopoly,25,1,1.9373382227691553,0.09045875818543844,0.0014046961989352814,17,0.319642353270322,,,,,,0.0,0.5
ecb-moat-duopoly,26,0,1.909444679150807,0.08909023107400973,0.0013283829060021645,8,0.3034533752965416,,,,,,0.0,0.5
ecb-moat-duopoly,26,1,1.909444679150807,0.08909023107400973,0.0013283829060021645,17,0.3034533752965416,,,,,,0.0,0.5
ecb-moat-duopoly,27,0,1.8833152848907486,0.08780964501934319,0.0012559334375721648,8,0.28807955451600853,,,,,,0.0,0.5
ecb-moat-duopoly,27,1,1.8833152848907486,0.08780964501934319,0.0012559334375721648,18,0.28807955451600853,,,,,1.0,0.0,0.5
ecb-moat-duopoly,28,0,1.8588232812196952,0.0866105317849244,0.001187192155377271,9,0.2734806903187687,,,,,1.0,0.0,0.5
ecb-moat-duopoly,28,1,1.8588232812196952,0.0866105317849244,0.001187192155377271,18,0.2734806903187687,,,,,,0.0,0.5
ecb-moat-duopoly,29,0,1.8358524345031337,0.08548697651649556,0.0011220040398389605,9,0.25961844344048696,,,,,,0.0,0.5
ecb-moat-duopoly,29,1,1.8358524345031337,0.08548697651649556,0.0011220040398389605,18,0.25961844344048696,,,,,,0.0,0.5
ecb-moat-duopoly,30,0,1.8142960368726586,0.08443356332616536,0.001060215675045469,10,0.2464562665962701,,,,,1.0,0.0,0.5
ecb-moat-duopoly,30,1,1.8142960368726586,0.08443356332616536,0.001060215675045469,19,0.2464562665962701,,,,,1.0,0.0,0.5
ecb-moat-duopoly,31,0,1.7940560122582565,0.08344532685339624,0.0010016760533875443,10,0.23395933521314938,,,,,,0.0,0.5
ecb-moat-duopoly,31,1,1.7940560122582565,0.08344532685339624,0.0010016760533875443,20,0.23395933521314938,,,,,0.5,0.0,0.5
ecb-moat-duopoly,32,0,1.7750421158730556,0.08251770909099261,0.000946237225258853,12,0.22209447872600946,,,,,0.6666666666666666,0.0,0.5
ecb-moat-duopoly,32,1,1.7750421158730556,0.08251770909099261,0.000946237225258853,21,0.22209447872600946,,,,,1.0,0.0,0.5
ecb-moat-duopoly,33,0,1.7571712166121716,0.08164652085384397,0.0008937548159123727,13,0.21083011281177694,,,,,1.0,0.0,0.5
ecb-moat-duopoly,33,1,1.7571712166121716,0.08164652085384397,0.0008937548159123727,22,0.21083011281177694,,,,,0.5,0.0,0.5
ecb-moat-duopoly,34,0,1.7403666530706492,0.08082790734617129,0.0008440884286736848,14,0.20013617286103558,,,,,1.0,0.0,0.5
ecb-moat-duopoly,34,1,1.7403666530706492,0.08082790734617129,0.0008440884286736848,23,0.20013617286103558,,,,,0.5,0.0,0.5
ecb-moat-duopoly,35,0,1.7245576549806798,0.08005831735089337,0.0007971019511911137,14,0.1899840489226935,24.0,24.0,24.0,0.0,0.5,0.0,0.5
ecb-moat-duopoly,35,1,1.7245576549806798,0.08005831735089337,0.0007971019511911137,23,0.1899840489226935,,,,,,0.0,0.5
ecb-moat-duopoly,36,0,1.709678822831872,0.07933447562378787,0.0007526637792042353,15,0.1803465223040144,,,,,0.5,0.0,0.5
ecb-moat-duopoly,36,1,1.709678822831872,0.07933447562378787,0.0007526637792042353,24,0.1803465223040144,,,,,1.0,0.0,0.5
ecb-moat-duopoly,37,0,1.6956696592860203,0.07865335812653902,0.0007106469703945055,16,0.1711977039636657,,,,,1.0,0.0,0.5
ecb-moat-duopoly,37,1,1.6956696592860203,0.07865335812653902,0.0007106469703945055,26,0.1711977039636657,,,,,0.6666666666666666,0.0,0.5
ecb-moat-duopoly,38,0,1.6824741467430504,0.07801216977753796,0.0006709293392093447,18,0.1625129747980955,,,,,0.6666666666666666,0.0,0.5
ecb-moat-duopoly,38,1,1.6824741467430504,0.07801216977753796,0.0006709293392093447,26,0.1625129747980955,,,,,,0.0,0.5
ecb-moat-duopoly,39,0,1.6700403660700374,0.07740832443832063,0.0006333935020920996,18,0.1542689278904089,,,,,,0.0,0.5
ecb-moat-duopoly,39,1,1.6700403660700374,0.07740832443832063,0.0006333935020920996,27,0.1542689278904089,,,,,1.0,0.0,0.5
ecb-moat-duopoly,40,0,1.6583201520813005,0.07683942688755062,0.0005979268812782239,19,0.14644331276501427,,,,,1.0,0.0,0.5
ecb-moat-duopoly,40,1,1.6583201520813005,0.07683942688755062,0.0005979268812782239,28,0.14644331276501427,,,,,1.0,0.0,0.5
ecb-moat-duopoly,41,0,1.6472687818642084,0.0763032565641435,0.0005644216742083493,20,0.13901498166985568,,,,,0.5,0.0,0.5
ecb-moat-duopoly,41,1,1.6472687818642084,0.0763032565641435,0.0005644216742083493,29,0.13901498166985568,,,,,1.0,0.0,0.5
ecb-moat-duopoly,42,0,1.6368446924910156,0.07579775288705565,0.0005327747946419076,20,0.1319638378903541,,,,,,0.0,0.5
ecb-moat-duopoly,42,1,1.6368446924910156,0.07579775288705565,0.0005327747946419076,30,0.1319638378903541,,,,,1.0,0.0,0.5
ecb-moat-duopoly,43,0,1.6270092250493433,0.07532100198192547,0.0005028877907116501,20,0.12527078608466777,30.0,30.0,30.0,0.0,0.5,0.0,0.5
ecb-moat-duopoly,43,1,1.6270092250493433,0.07532100198192547,0.0005028877907116501,30,0.12527078608466777,,,,,,0.0,0.5
ecb-moat-duopoly,44,0,1.6177263922692706,0.07487122466458092,0.0004746667444248235,21,0.11891768461806992,,,,,0.5,0.0,0.5
ecb-moat-duopoly,44,1,1.6177263922692706,0.07487122466458092,0.0004746667444248235,30,0.11891768461806992,,,,,,0.0,0.5
ecb-moat-duopoly,45,0,1.6089626673294164,0.07444676554879197,0.0004480221564769711,22,0.11288729986470455,,,,,1.0,0.0,0.5
ecb-moat-duopoly,45,1,1.6089626673294164,0.07444676554879197,0.0004480221564769711,30,0.11288729986470455,,,,,,0.0,0.5
ecb-moat-duopoly,46,0,1.6006867916926144,0.0740460831608655,0.00042286881968704786,21,0.1071632624373729,31.0,31.0,31.0,0.0,,0.0,0.5
ecb-moat-duopoly,46,1,1.6006867916926144,0.0740460831608655,0.00042286881968704786,31,0.1071632624373729,,,,,1.0,0.0,0.5
ecb-moat-duopoly,47,0,1.5928696000586147,0.0736677409570371,0.0003991256838780414,23,0.10173002530002143,,,,,0.6666666666666666,0.0,0.5
ecb-moat-duopoly,47,1,1.5928696000586147,0.0736677409570371,0.0003991256838780414,32,0.10173002530002143,,,,,1.0,0.0,0.5
ecb-moat-duopoly,48,0,1.5854838607302009,0.07331039915134406,0.00037671571460569744,24,0.09657282371299034,,,,,0.5,0.0,0.5
ecb-moat-duopoly,48,1,1.5854838607302009,0.07331039915134406,0.00037671571460569744,33,0.09657282371299034,,,,,1.0,0.0,0.5
ecb-moat-duopoly,49,0,1.5785041298738371,0.07297280727197852,0.00035556574777191873,25,0.09167763695762549,,,,,1.0,0.0,0.5
ecb-moat-duopoly,49,1,1.5785041298738371,0.07297280727197852,0.00035556574777191873,33,0.09167763695762549,45.0,45.0,45.0,0.0,1.0,0.0,0.5
shared-pool-industry,0,0,2.910392078974967,0.1412089076166306,0.00244861235499489,1,2.6400000000000006,,,,,1.0,0.0,0.3333333333333333
shared-pool-industry,0,1,2.910392078974967,0.1412089076166306,0.00244861235499489,0,2.6400000000000006,,,,,,0.0,0.3333333333333333
shared-pool-industry,0,2,2.910392078974967,0.1412089076166306,0.00244861235499489,1,2.6400000000000006,,,,,1.0,0.0,0.3333333333333333
shared-pool-industry,1,0,2.8129564588808025,0.13615124221243896,0.0023721482633319584,2,2.5114889077341482,,,,,1.0,0.0,0.3333333333333333
shared-pool-industry,1,1,2.8129564588808025,0.13615124221243896,0.0023721482633319584,0,2.5114889077341482,,,,,,0.0,0.3333333333333333
shared-pool-industry,1,2,2.8129564588808025,0.13615124221243896,0.0023721482633319584,2,2.5114889077341482,,,,,1.0,0.0,0.3333333333333333
shared-pool-industry,2,0,2.7229514558294734,0.13149574139510586,0.00229342944668731,3,2.388888762866295,,,,,0.5,0.0,0.33333333333333337
shared-pool-industry,2,1,2.7229514558294734,0.13149574139510586,0.00229342944668731,0,2.388888762866295,,,,,,0.0,0.33333333333333337
shared-pool-industry,2,2,2.7229514558294734,0.13149574139510586,0.00229342944668731,3,2.388888762866295,,,,,1.0,0.0,0.33333333333333337
shared-pool-industry,3,0,2.63972666834601,0.1272051742506686,0.0022133079479558938,4,2.2719739079052386,,,,,1.0,0.0,0.3333333333333333
shared-pool-industry,3,1,2.63972666834601,0.1272051742506686,0.0022133079479558938,0,2.2719739079052386,,,,,,0.0,0.3333333333333333
shared-pool-industry,3,2,2.63972666834601,0.1272051742506686,0.0022133079479558938,4,2.2719739079052386,,,,,1.0,0.0,0.3333333333333333
shared-pool-industry,4,0,2.562694264877096,0.12324616781626471,0.00213250628883182,4,2.1605205728273473,,,,,,0.0,0.3333333333333333
shared-pool-industry,4,1,2.562694264877096,0.12324616781626471,0.00213250628883182,1,2.1605205728273473,,,,,1.0,0.0,0.3333333333333333
shared-pool-industry,4,2,2.562694264877096,0.12324616781626471,0.00213250628883182,4,2.1605205728273473,4.0,4.0,4.0,0.0,1.0,0.0,0.3333333333333333
shared-pool-industry,5,0,2.491322878079176,0.11958878650078375,0.0020516340057610883,3,2.0543080704188297,5.0,5.0,5.0,0.0,,0.0,0.3333333333333333
shared-pool-industry,5,1,2.491322878079176,0.11958878650078375,0.0020516340057610883,1,2.0543080704188297,1.0,1.0,1.0,0.0,0.5,0.0,0.3333333333333333
shared-pool-industry,5,2,2.491322878079176,0.11958878650078375,0.0020516340057610883,4,2.0543080704188297,,,,,,0.0,0.3333333333333333
shared-pool-industry,6,0,2.425132008909833,0.11620615539107251,0.0019712022195764937,3,1.9531197491399148,,,,,,0.0,0.3333333333333333
shared-pool-industry,6,1,2.425132008909833,0.11620615539107251,0.0019712022195764937,2,1.9531197491399148,,,,,1.0,0.0,0.3333333333333333
shared-pool-industry,6,2,2.425132008909833,0.11620615539107251,0.0019712022195764937,3,1.9531197491399148,5.0,5.0,5.0,0.0,,0.0,0.3333333333333333
shared-pool-industry,7,0,2.363686930600837,0.11307412407313498,0.001891636457080637,3,1.8567437422024755,,,,,,0.0,0.3333333333333333
shared-pool-industry,7,1,2.363686930600837,0.11307412407313498,0.001891636457080637,2,1.8567437422024755,,,,,,0.0,0.3333333333333333
shared-pool-industry,7,2,2.363686930600837,0.11307412407313498,0.001891636457080637,3,1.8567437422024755,,,,,,0.0,0.3333333333333333
shared-pool-industry,8,0,2.30659407073929,0.11017096741632328,0.0018132879226208792,4,1.7649735457419937,,,,,1.0,0.0,0.33333333333333337
shared-pool-industry,8,1,2.30659407073929,0.11017096741632328,0.0018132879226208792,3,1.7649735457419937,,,,,1.0,0.0,0.33333333333333337
shared-pool-industry,8,2,2.30659407073929,0.11017096741632328,0.0018132879226208792,3,1.7649735457419937,,,,,,0.0,0.33333333333333337
shared-pool-industry,9,0,2.253496842569876,0.10747711978089323,0.001736443398025062,4,1.6776084539835527,,,,,,0.0,0.3333333333333333
shared-pool-industry,9,1,2.253496842569876,0.10747711978089323,0.001736443398025062,4,1.6776084539835527,,,,,1.0,0.0,0.3333333333333333
shared-pool-industry,9,2,2.253496842569876,0.10747711978089323,0.001736443398025062,4,1.6776084539835527,,,,,1.0,0.0,0.3333333333333333
shared-pool-industry,10,0,2.204071892869164,0.10497493924425813,0.001661333930643071,5,1.5944538750462758,,,,,1.0,0.0,0.33333333333333337
shared-pool-industry,10,1,2.204071892869164,0.10497493924425813,0.001661333930643071,4,1.5944538750462758,5.0,5.0,5.0,0.0,1.0,0.0,0.33333333333333337
shared-pool-industry,10,2,2.204071892869164,0.10497493924425813,0.001661333930643071,5,1.5944538750462758,,,,,1.0,0.0,0.33333333333333337
shared-pool-industry,11,0,2.1580257323039076,0.10264849864891039,0.0015881424519456249,5,1.5153215474050838,,,,,,0.0,0.3333333333333333
shared-pool-industry,11,1,2.1580257323039076,0.10264849864891039,0.0015881424519456249,4,1.5153215474050838,,,,,,0.0,0.3333333333333333
shared-pool-industry,11,2,2.1580257323039076,0.10264849864891039,0.0015881424519456249,6,1.5153215474050838,,,,,0.5,0.0,0.3333333333333333
shared-pool-industry,12,0,2.1150917143154264,0.1004834005209248,0.0015170104532912943,6,1.4400296739456413,,,,,0.5,0.0,0.3333333333333333
shared-pool-industry,12,1,2.1150917143154264,0.1004834005209248,0.0015170104532912943,5,1.4400296739456413,,,,,1.0,0.0,0.3333333333333333
shared-pool-industry,12,2,2.1150917143154264,0.1004834005209248,0.0015170104532912943,6,1.4400296739456413,,,,,,0.0,0.3333333333333333
shared-pool-industry,13,0,2.0750273297252835,0.0984666131690407,0.0014480438311109283,6,1.3684029879303132,,,,,,0.0,0.33333333333333337
shared-pool-industry,13,1,2.0750273297252835,0.0984666131690407,0.0014480438311109283,6,1.3684029879303132,,,,,0.5,0.0,0.33333333333333337
shared-pool-industry,13,2,2.0750273297252835,0.0984666131690407,0.0014480438311109283,6,1.3684029879303132,,,,,,0.0,0.33333333333333337
shared-pool-industry,14,0,2.037611786041417,0.09658632553533586,0.0013813180008346887,6,1.3002727629719144,,,,,,0.0,0.3333333333333333
shared-pool-industry,14,1,2.037611786041417,0.09658632553533586,0.0013813180008346887,6,1.3002727629719144,,,,,,0.0,0.3333333333333333
shared-pool-industry,14,2,2.037611786041417,0.09658632553533586,0.0013813180008346887,7,1.3002727629719144,,,,,1.0,0.0,0.3333333333333333
shared-pool-industry,15,0,2.0026438425820463,0.094831818619881,0.0013168823673240686,7,1.235476777228953,,,,,1.0,0.0,0.3333333333333333
shared-pool-industry,15,1,2.0026438425820463,0.094831818619881,0.0013168823673240686,7,1.235476777228953,,,,,1.0,0.0,0.3333333333333333
shared-pool-industry,15,2,2.0026438425820463,0.094831818619881,0.0013168823673240686,7,1.235476777228953,,,,,,0.0,0.3333333333333333
shared-pool-industry,16,0,1.9699398748348829,0.09319335153783154,0.0012547642292702827,7,1.1738592404401216,,,,,,0.0,0.3333333333333333
shared-pool-industry,16,1,1.9699398748348829,0.09319335153783154,0.0012547642292702827,8,1.1738592404401216,,,,,0.5,0.0,0.3333333333333333
shared-pool-industry,16,2,1.9699398748348829,0.09319335153783154,0.0012547642292702827,8,1.1738592404401216,,,,,1.0,0.0,0.3333333333333333
shared-pool-industry,17,0,1.9393321438005302,0.09166206048518065,0.0011949721858741623,9,1.1152706910633852,,,,,0.6666666666666666,0.0,0.3333333333333333
shared-pool-industry,17,1,1.9393321438005302,0.09166206048518065,0.0011949721858741623,8,1.1152706910633852,,,,,,0.0,0.3333333333333333
shared-pool-industry,17,2,1.9393321438005302,0.09166206048518065,0.0011949721858741623,9,1.1152706910633852,,,,,1.0,0.0,0.3333333333333333
shared-pool-industry,18,0,1.9106672483458245,0.09022986908768489,0.0011374991060213873,10,1.059567869639052,,,,,0.5,0.0,0.3333333333333333
shared-pool-industry,18,1,1.9106672483458245,0.09022986908768489,0.0011374991060213873,8,1.059567869639052,,,,,,0.0,0.3333333333333333
shared-pool-industry,18,2,1.9106672483458245,0.09022986908768489,0.0011374991060213873,9,1.059567869639052,,,,,,0.0,0.3333333333333333
shared-pool-industry,19,0,1.8838047407607978,0.08888940878624939,0.0010823247130051757,11,1.0066135735250439,,,,,1.0,0.0,0.33333333333333337
shared-pool-industry,19,1,1.8838047407607978,0.08888940878624939,0.0010823247130051757,9,1.0066135735250439,,,,,0.5,0.0,0.33333333333333337
shared-pool-industry,19,2,1.8838047407607978,0.08888940878624939,0.0010823247130051757,9,1.0066135735250439,,,,,,0.0,0.33333333333333337
shared-pool-industry,20,0,1.8586158877406354,0.08763394807206307,0.001029417831524978,11,0.9562764973294912,,,,,,0.0,0.3333333333333333
shared-pool-industry,20,1,1.8586158877406354,0.08763394807206307,0.001029417831524978,9,0.9562764973294912,,,,,,0.0,0.3333333333333333
shared-pool-industry,20,2,1.8586158877406354,0.08763394807206307,0.001029417831524978,9,0.9562764973294912,,,,,,0.0,0.3333333333333333
shared-pool-industry,21,0,1.8349825608853383,0.08645732952714247,0.0009787383381128932,12,0.9084310626679939,,,,,1.0,0.0,0.3333333333333333
shared-pool-industry,21,1,1.8349825608853383,0.08645732952714247,0.0009787383381128932,10,0.9084310626679939,,,,,1.0,0.0,0.3333333333333333
shared-pool-industry,21,2,1.8349825608853383,0.08645732952714247,0.0009787383381128932,10,0.9084310626679939,,,,,1.0,0.0,0.3333333333333333
shared-pool-industry,22,0,1.8127962425198465,0.08535391375207521,0.0009302388512237253,14,0.8629572402812928,,,,,0.6666666666666666,0.0,0.3333333333333333
shared-pool-industry,22,1,1.8127962425198465,0.08535391375207521,0.0009302388512237253,10,0.8629572402812928,16.0,16.0,16.0,0.0,1.0,0.0,0.3333333333333333
shared-pool-industry,22,2,1.8127962425198465,0.08535391375207521,0.0009302388512237253,10,0.8629572402812928,,,,,,0.0,0.3333333333333333
shared-pool-industry,23,0,1.7919571341878742,0.08431852937411143,0.0008838661928938078,13,0.8197403670474194,22.0,22.0,22.0,0.0,,0.0,0.3333333333333333
shared-pool-industry,23,1,1.7919571341878742,0.08431852937411143,0.0008838661928938078,10,0.8197403670474194,,,,,,0.0,0.3333333333333333
shared-pool-industry,23,2,1.7919571341878742,0.08431852937411143,0.0008838661928938078,10,0.8197403670474194,,,,,,0.0,0.3333333333333333
shared-pool-industry,24,0,1.7723733565702464,0.0833464284268163,0.0008395626500593489,12,0.7786709599969461,22.0,22.0,22.0,0.0,,0.0,0.3333333333333333
shared-pool-industry,24,1,1.7723733565702464,0.0833464284268163,0.0008395626500593489,10,0.7786709599969461,,,,,,0.0,0.3333333333333333
shared-pool-industry,24,2,1.7723733565702464,0.0833464284268163,0.0008395626500593489,11,0.7786709599969461,,,,,0.5,0.0,0.3333333333333333
shared-pool-industry,25,0,1.7539602308323454,0.0824332464786815,0.0007972670602658139,11,0.7396445290791573,22.0,22.0,22.0,0.0,,0.0,0.3333333333333333
shared-pool-industry,25,1,1.7539602308323454,0.0824332464786815,0.0007972670602658139,11,0.7396445290791573,,,,,0.5,0.0,0.3333333333333333
shared-pool-industry,25,2,1.7539602308323454,0.0824332464786815,0.0007972670602658139,12,0.7396445290791573,,,,,1.0,0.0,0.3333333333333333
shared-pool-industry,26,0,1.7366396325258606,0.08157496696372482,0.0007569157435415948,11,0.7025613901210019,,,,,,0.0,0.3333333333333333
shared-pool-industry,26,1,1.7366396325258606,0.08157496696372482,0.0007569157435415948,12,0.7025613901210019,,,,,1.0,0.0,0.3333333333333333
shared-pool-industry,26,2,1.7366396325258606,0.08157496696372482,0.0007569157435415948,12,0.7025613901210019,,,,,,0.0,0.3333333333333333
shared-pool-industry,27,0,1.7203394101689262,0.08076788923341799,0.0007184432996040044,12,0.6673264791613088,,,,,1.0,0.0,0.33333333333333337
shared-pool-industry,27,1,1.7203394101689262,0.08076788923341799,0.0007184432996040044,12,0.6673264791613088,,,,,,0.0,0.33333333333333337
shared-pool-industry,27,2,1.7203394101689262,0.08076788923341799,0.0007184432996040044,13,0.6673264791613088,,,,,1.0,0.0,0.33333333333333337
shared-pool-industry,28,0,1.7049928615168624,0.08000859990736696,0.0006817832872709596,13,0.6338491691229363,,,,,0.5,0.0,0.3333333333333333
shared-pool-industry,28,1,1.7049928615168624,0.08000859990736696,0.0006817832872709596,12,0.6338491691229363,,,,,,0.0,0.3333333333333333
shared-pool-industry,28,2,1.7049928615168624,0.08000859990736696,0.0006817832872709596,13,0.6338491691229363,,,,,,0.0,0.3333333333333333
shared-pool-industry,29,0,1.6905382613242046,0.07929394715103831,0.0006468688009302573,13,0.6020430895993445,,,,,,0.0,0.33333333333333337
shared-pool-industry,29,1,1.6905382613242046,0.07929394715103831,0.0006468688009302573,13,0.6020430895993445,,,,,1.0,0.0,0.33333333333333337
shared-pool-industry,29,2,1.6905382613242046,0.07929394715103831,0.0006468688009302573,13,0.6020430895993445,,,,,,0.0,0.33333333333333337
shared-pool-industry,30,0,1.6769184350977937,0.07862101755336462,0.0006136329571375815,14,0.57182595037453,,,,,1.0,0.0,0.33333333333333337
shared-pool-industry,30,1,1.6769184350977937,0.07862101755336462,0.0006136329571375815,12,0.57182595037453,22.0,22.0,22.0,0.0,,0.0,0.33333333333333337
shared-pool-industry,30,2,1.6769184350977937,0.07862101755336462,0.0006136329571375815,14,0.57182595037453,,,,,0.5,0.0,0.33333333333333337
shared-pool-industry,31,0,1.6640803739597239,0.0779871153160535,0.0005820093028448978,14,0.5431193691620579,,,,,,0.0,0.3333333333333333
shared-pool-industry,31,1,1.6640803739597239,0.0779871153160535,0.0005820093028448978,13,0.5431193691620579,,,,,0.5,0.0,0.3333333333333333
shared-pool-industry,31,2,1.6640803739597239,0.0779871153160535,0.0005820093028448978,15,0.5431193691620579,,,,,1.0,0.0,0.3333333333333333
shared-pool-industry,32,0,1.651974886286986,0.07738974350057665,0.0005519321553778437,16,0.5158487039364745,,,,,0.6666666666666666,0.0,0.3333333333333333
shared-pool-industry,32,1,1.651974886286986,0.07738974350057665,0.0005519321553778437,14,0.5158487039364745,,,,,1.0,0.0,0.3333333333333333
shared-pool-industry,32,2,1.651974886286986,0.07738974350057665,0.0005519321553778437,14,0.5158487039364745,30.0,30.0,30.0,0.0,,0.0,0.3333333333333333
shared-pool-industry,33,0,1.6405562822794821,0.07682658710873141,0.0005233368830614466,16,0.4899428901356009,,,,,,0.0,0.3333333333333333
shared-pool-industry,33,1,1.6405562822794821,0.07682658710873141,0.0005233368830614466,15,0.4899428901356009,,,,,1.0,0.0,0.3333333333333333
shared-pool-industry,33,2,1.6405562822794821,0.07682658710873141,0.0005233368830614466,15,0.4899428901356009,,,,,1.0,0.0,0.3333333333333333
shared-pool-industry,34,0,1.62978208803678,0.07629549779888159,0.0004961601343186664,15,0.46533428293249635,26.0,26.0,26.0,0.0,,0.0,0.33333333333333337
shared-pool-industry,34,1,1.62978208803678,0.07629549779888159,0.0004961601343186664,16,0.46533428293249635,,,,,1.0,0.0,0.33333333333333337
shared-pool-industry,34,2,1.62978208803678,0.07629549779888159,0.0004961601343186664,15,0.46533428293249635,,,,,,0.0,0.33333333333333337
shared-pool-industry,35,0,1.6196127861034162,0.07579448006297967,0.0004703400221184763,14,0.44195850470900655,25.0,25.0,25.0,0.0,,0.0,0.3333333333333333
shared-pool-industry,35,1,1.6196127861034162,0.07579448006297967,0.0004703400221184763,17,0.44195850470900655,,,,,1.0,0.0,0.3333333333333333
shared-pool-industry,35,2,1.6196127861034162,0.07579448006297967,0.0004703400221184763,15,0.44195850470900655,32.0,32.0,32.0,0.0,1.0,0.0,0.3333333333333333
shared-pool-industry,36,0,1.6100115797778514,0.07532167870963917,0.00044581626981446366,14,0.4197542978068972,,,,,,0.0,0.33333333333333337
shared-pool-industry,36,1,1.6100115797778514,0.07532167870963917,0.00044581626981446366,18,0.4197542978068972,,,,,1.0,0.0,0.33333333333333337
shared-pool-industry,36,2,1.6100115797778514,0.07532167870963917,0.00044581626981446366,16,0.4197542978068972,,,,,1.0,0.0,0.33333333333333337
shared-pool-industry,37,0,1.6009441787770822,0.07487536751624195,0.0004225303236779862,15,0.3986633825859946,,,,,1.0,0.0,0.3333333333333333
shared-pool-industry,37,1,1.6009441787770822,0.07487536751624195,0.0004225303236779862,19,0.3986633825859946,,,,,1.0,0.0,0.3333333333333333
shared-pool-industry,37,2,1.6009441787770822,0.07487536751624195,0.0004225303236779862,17,0.3986633825859946,,,,,1.0,0.0,0.3333333333333333
shared-pool-industry,38,0,1.5923786041115267,0.07445393892862603,0.00040042543677988807,15,0.3786303207801504,,,,,,0.0,0.33333333333333337
shared-pool-industry,38,1,1.5923786041115267,0.07445393892862603,0.00040042543677988807,20,0.3786303207801504,,,,,1.0,0.0,0.33333333333333337
shared-pool-industry,38,2,1.5923786041115267,0.07445393892862603,0.00040042543677988807,18,0.3786303207801504,,,,,1.0,0.0,0.33333333333333337
shared-pool-industry,39,0,1.5842850102573016,0.07405589470058672,0.0003794467283017091,16,0.35960238411001894,,,,,1.0,0.0,0.33333333333333337
shared-pool-industry,39,1,1.5842850102573016,0.07405589470058672,0.0003794467283017091,21,0.35960238411001894,,,,,1.0,0.0,0.33333333333333337
shared-pool-industry,39,2,1.5842850102573016,0.07405589470058672,0.0003794467283017091,18,0.35960238411001894,,,,,,0.0,0.33333333333333337
shared-pool-industry,40,0,1.5766355229189999,0.073679837377469,0.0003595412218518324,17,0.3415294280856124,,,,,1.0,0.0,0.33333333333333337
shared-pool-industry,40,1,1.5766355229189999,0.073679837377469,0.0003595412218518324,21,0.3415294280856124,,,,,,0.0,0.33333333333333337
shared-pool-industry,40,2,1.5766355229189999,0.073679837377469,0.0003595412218518324,19,0.3415294280856124,,,,,1.0,0.0,0.33333333333333337
shared-pool-industry,41,0,1.5694040908585951,0.07332446253874195,0.0003406578659163505,17,0.3243637709104883,,,,,,0.0,0.3333333333333333
shared-pool-industry,41,1,1.5694040908585951,0.07332446253874195,0.0003406578659163505,22,0.3243637709104883,,,,,0.5,0.0,0.3333333333333333
shared-pool-industry,41,2,1.5694040908585951,0.07332446253874195,0.0003406578659163505,19,0.3243637709104883,,,,,,0.0,0.3333333333333333
shared-pool-industry,42,0,1.5625663504279144,0.07298855172379967,0.00032274753918158915,17,0.3080600773825171,,,,,,0.0,0.33333333333333337
shared-pool-industry,42,1,1.5625663504279144,0.07298855172379967,0.00032274753918158915,22,0.3080600773825171,,,,,,0.0,0.33333333333333337
shared-pool-industry,42,2,1.5625663504279144,0.07298855172379967,0.00032274753918158915,21,0.3080600773825171,,,,,0.6666666666666666,0.0,0.33333333333333337
shared-pool-industry,43,0,1.5560995015857788,0.07267096597349215,0.00030576304311885914,18,0.29257524767283233,,,,,1.0,0.0,0.3333333333333333
shared-pool-industry,43,1,1.5560995015857788,0.07267096597349215,0.00030576304311885914,23,0.29257524767283233,,,,,1.0,0.0,0.3333333333333333
shared-pool-industry,43,2,1.5560995015857788,0.07267096597349215,0.00030576304311885914,20,0.29257524767283233,39.0,39.0,39.0,0.0,,0.0,0.3333333333333333
shared-pool-industry,44,0,1.5499821943083514,0.07237063992718112,0.00028965908391687356,18,0.27786831085424335,,,,,,0.0,0.33333333333333337
shared-pool-industry,44,1,1.5499821943083514,0.07237063992718112,0.00028965908391687356,23,0.27786831085424335,,,,,,0.0,0.33333333333333337
shared-pool-industry,44,2,1.5499821943083514,0.07237063992718112,0.00028965908391687356,22,0.27786831085424335,,,,,0.6666666666666666,0.0,0.33333333333333337
shared-pool-industry,45,0,1.5441944244146009,0.0720865764215666,0.0002743922455783729,19,0.2639003230426417,,,,,1.0,0.0,0.3333333333333333
shared-pool-industry,45,1,1.5441944244146009,0.0720865764215666,0.0002743922455783729,24,0.2639003230426417,,,,,1.0,0.0,0.3333333333333333
shared-pool-industry,45,2,1.5441944244146009,0.0720865764215666,0.0002743922455783729,23,0.2639003230426417,,,,,0.5,0.0,0.3333333333333333
shared-pool-industry,46,0,1.5387174379294501,0.07181784154323594,0.00025992095576082424,20,0.2506342700093376,,,,,0.5,0.0,0.3333333333333333
shared-pool-industry,46,1,1.5387174379294501,0.07181784154323594,0.00025992095576082424,25,0.2506342700093376,,,,,0.5,0.0,0.3333333333333333
shared-pool-industry,46,2,1.5387174379294501,0.07181784154323594,0.00025992095576082424,23,0.2506342700093376,,,,,,0.0,0.3333333333333333
shared-pool-industry,47,0,1.5335336431968916,0.07156356009194485,0.0002462054457325718,21,0.23803497411851016,,,,,0.5,0.0,0.3333333333333333
shared-pool-industry,47,1,1.5335336431968916,0.07156356009194485,0.0002462054457325718,25,0.23803497411851016,,,,,,0.0,0.3333333333333333
shared-pool-industry,47,2,1.5335336431968916,0.07156356009194485,0.0002462054457325718,24,0.23803497411851016,,,,,1.0,0.0,0.3333333333333333
shared-pool-industry,48,0,1.5286265300351047,0.07132291141612164,0.00023320770563251317,20,0.22606900544173075,36.0,36.0,36.0,0.0,,0.0,0.3333333333333333
shared-pool-industry,48,1,1.5286265300351047,0.07132291141612164,0.00023320770563251317,25,0.22606900544173075,,,,,,0.0,0.3333333333333333
shared-pool-industry,48,2,1.5286265300351047,0.07132291141612164,0.00023320770563251317,24,0.22606900544173075,,,,,,0.0,0.3333333333333333
shared-pool-industry,49,0,1.5239805952968508,0.07109512558606879,0.0002208914360601444,20,0.21470459690058485,,,,,,0.0,0.3333333333333333
shared-pool-industry,49,1,1.5239805952968508,0.07109512558606879,0.0002208914360601444,25,0.21470459690058485,,,,,,0.0,0.3333333333333333
shared-pool-industry,49,2,1.5239805952968508,0.07109512558606879,0.0002208914360601444,24,0.21470459690058485,,,,,,0.0,0.3333333333333333
